Channel,Spend (£),Revenue (£),Conversions,Leads,Clicks,Impressions,Profit (£),ROAS,CPA (£),Lead Rate (%),CVR (%),Conv/£1k
Email,1785,22250,222,972,5130,73300,20465,12.46498599439776,8.04054054054054,18.947368421052634,22.839506172839506,124.36974789915966
Google Ads,2080,25600,294,962,5650,88800,23520,12.307692307692308,7.074829931972789,17.02654867256637,30.561330561330564,141.34615384615384
X,765,6320,52,333,1800,44700,5555,8.261437908496733,14.711538461538462,18.5,15.615615615615615,67.97385620915033
LinkedIn,2525,20700,168,900,5240,116300,18175,8.198019801980198,15.029761904761905,17.17557251908397,18.666666666666668,66.53465346534654
YouTube,1475,10750,72,485,2860,70500,9275,7.288135593220339,20.48611111111111,16.95804195804196,14.845360824742269,48.813559322033896
