Channel,Spend→Conv Elasticity
YouTube,2.4568163329938977
LinkedIn,1.8871261374014148
X,1.3859204634577942
Google Ads,0.9364717104867902
Email,0.13447245186920445
