,Spend (£),Revenue (£),Conversions,Leads,Clicks,Impressions,Profit (£)
Spend (£),1.0,0.9292699537141188,0.8683230996023454,0.9145607367619695,0.952937815890998,0.9597117565110298,0.9192940852000293
Revenue (£),0.9292699537141188,1.0,0.9852015935978923,0.9878599208306917,0.9942648668621795,0.8264129871457373,0.999658147129115
Conversions,0.8683230996023454,0.9852015935978923,1.0,0.9755033273411574,0.9688498084939114,0.7566712916575665,0.9882051828637743
Leads,0.9145607367619695,0.9878599208306917,0.9755033273411574,1.0,0.9869696358729348,0.8318480152411767,0.9877648317553055
Clicks,0.952937815890998,0.9942648668621795,0.9688498084939114,0.9869696358729348,1.0,0.8747749184699459,0.9918725967103518
Impressions,0.9597117565110298,0.8264129871457373,0.7566712916575665,0.8318480152411767,0.8747749184699459,1.0,0.8125587003354278
Profit (£),0.9192940852000293,0.999658147129115,0.9882051828637743,0.9877648317553055,0.9918725967103518,0.8125587003354278,1.0
