Channel,Spend (£),Revenue (£),Leads,Conversions,ROAS,CPA (£)
Email,1785,22250,972,222,12.46498599439776,8.04054054054054
Google Ads,2080,25600,962,294,12.307692307692308,7.074829931972789
LinkedIn,2525,20700,900,168,8.198019801980198,15.029761904761905
X,765,6320,333,52,8.261437908496733,14.711538461538462
YouTube,1475,10750,485,72,7.288135593220339,20.48611111111111
